{
  "EC": 23.86176915389062,
  "pH_in_H2O": 7.880319416847215,
  "ESP": 0.22840693997809858,
  "perc_silt_sed": 49.67304969039994,
  "CEC_BaCl": 54.177450623966664,
  "K_exch_BaCl": 96.39475361277606,
  "perc_clay_sed": 10.518853673672712,
  "SAR": 97.88941250596888,
  "perc_sand_sed": 8.968746219918721,
  "Mg_exch_BaCl": 60.02921414361075,
  "TOC_CHN": 12.465997291214,
  "TOC_CHN_TN_CHN_ratio": 75.455494291374,
  "Cstable_TOC_re6_ratio": 1.486194291374,
  "P_olsen": 70.50577701896701,
  "TN_CHN": 9.311632928878666,
  "Na_exch_BaCl": 70.90556724800743,
  "slopes": 14.776510349732686
}